yardline_100,ydstogo,epa,wpa
1.0,1.0,2.5115855,0.08498488
2.0,1.0,2.534467,0.074177444
2.0,2.0,3.824735,0.06928827
3.0,1.0,2.4543653,0.06719872
3.0,2.0,3.744728,0.06808552
3.0,3.0,4.0564485,0.07098653
4.0,1.0,2.7897415,0.061456103
4.0,2.0,3.7164814,0.060423594
4.0,3.0,4.01731,0.037098866
4.0,4.0,4.176636,0.1250209
5.0,1.0,2.7800884,0.057972074
5.0,2.0,3.6057673,0.021111572
5.0,4.0,4.084715,0.15982854
5.0,5.0,4.139003,-0.00016198268
6.0,1.0,2.2231019,0.042112198
6.0,2.0,3.004141,0.073046505
6.0,3.0,3.8070567,0.062373128
6.0,4.0,4.1354313,0.19704244
6.0,5.0,4.1498084,0.24539873
6.0,6.0,4.1158094,0.028383018
7.0,1.0,1.6484746,0.051458426
7.0,2.0,3.9104068,0.062805675
7.0,3.0,3.3359077,0.06479061
7.0,5.0,4.016289,0.0071926066
7.0,7.0,4.2815886,0.061212383
8.0,1.0,1.8106197,0.03563346
8.0,2.0,2.847435,0.14122787
8.0,3.0,2.590502,0.112285465
8.0,4.0,4.1459684,0.06826067
8.0,5.0,2.9670067,0.03670077
8.0,7.0,4.3877,-0.00016884157
8.0,8.0,4.307671,0.07019055
9.0,1.0,1.7279332,0.03160314
9.0,2.0,2.1917424,0.09477948
9.0,4.0,2.8364244,0.012694715
9.0,5.0,3.8370304,0.0074019562
9.0,9.0,4.3965287,0.11272895
10.0,1.0,1.8312511,0.047149736
10.0,2.0,4.2125125,0.031729262
10.0,3.0,3.1129746,0.08801425
10.0,7.0,4.264297,-0.0004920527
10.0,10.0,4.2353377,0.04670507
11.0,1.0,1.7739725,0.054977745
11.0,2.0,2.0802686,0.18284369
11.0,3.0,3.0845673,0.056723077
11.0,4.0,4.1403847,0.13669413
11.0,11.0,4.164882,-0.0003881329
12.0,1.0,1.7442214,0.056695905
12.0,2.0,2.3468928,0.043796577
12.0,4.0,4.0590405,0.2715793
12.0,5.0,2.1653252,0.16928703
12.0,10.0,4.3994412,0.27813575
13.0,1.0,1.500706,0.045796555
13.0,2.0,2.4214036,0.09640038
13.0,3.0,4.304802,-0.000101401056
13.0,4.0,2.9442213,0.009842082
13.0,5.0,3.590957,0.0024107695
13.0,7.0,4.23624,0.009659907
13.0,13.0,4.404615,0.19009325
14.0,1.0,1.6009462,0.04287675
14.0,2.0,2.88668,0.053044524
14.0,3.0,3.118015,0.05945538
14.0,4.0,3.3720393,0.083017215
14.0,6.0,3.1324105,0.037988283
15.0,1.0,1.8041476,0.045666985
15.0,2.0,2.3374586,0.09062956
15.0,3.0,2.6492767,0.0390378
15.0,4.0,3.5474129,0.031741567
15.0,5.0,3.0957851,0.057910264
15.0,6.0,4.2485194,0.00013884708
15.0,11.0,3.0401251,0.017561395
16.0,1.0,1.5524228,0.05063399
16.0,2.0,3.5337799,0.1573916
16.0,3.0,2.045823,0.03629668
16.0,5.0,4.449896,0.023564963
16.0,9.0,3.2806187,0.14042118
16.0,10.0,4.40319,0.0030931006
17.0,1.0,1.4497404,0.042221595
17.0,2.0,2.281985,0.040393975
17.0,3.0,3.5713947,0.08657545
17.0,5.0,4.0264015,0.034052085
17.0,9.0,3.6996384,0.010261503
18.0,1.0,1.7944679,0.063724145
18.0,2.0,1.3376366,0.081101924
18.0,3.0,4.3302116,0.04062291
18.0,4.0,2.262604,0.06143105
18.0,5.0,2.391844,0.0009820494
18.0,6.0,2.4771173,0.008029499
18.0,9.0,3.140888,0.0003488497
19.0,1.0,2.1323645,0.057365414
19.0,2.0,2.253291,0.06482994
19.0,4.0,4.5288844,0.074975155
19.0,5.0,4.5537,0.043354735
19.0,6.0,2.7471344,0.049859196
19.0,10.0,3.664448,0.0047342624
20.0,1.0,1.5897243,0.038097173
20.0,2.0,2.9823039,0.07425406
20.0,3.0,2.7143488,0.04584357
20.0,4.0,2.3459659,0.075831026
20.0,5.0,4.620787,0.07907932
21.0,1.0,1.5821052,0.047235925
21.0,2.0,3.4878592,0.15997009
21.0,4.0,3.3846865,0.1088447
21.0,5.0,2.286271,0.0063112676
21.0,10.0,2.4109755,0.0047671017
22.0,1.0,1.8329,0.077047825
22.0,2.0,2.3955529,0.12606281
22.0,3.0,3.6273494,0.1205944
22.0,4.0,2.590495,0.011244925
22.0,7.0,2.7948802,0.06348859
22.0,8.0,4.5295334,0.023748485
22.0,9.0,3.010352,0.001022283
22.0,10.0,3.119903,0.07409936
22.0,15.0,3.5459945,0.002453871
23.0,1.0,1.6677514,0.035161678
23.0,2.0,2.1775804,0.053458717
23.0,3.0,3.4312906,0.00567213
23.0,4.0,3.0977905,0.028179342
23.0,8.0,3.1640913,0.0018681445
23.0,21.0,4.5592856,0.031251077
24.0,1.0,1.416929,0.05699552
24.0,2.0,2.881454,0.023952719
24.0,3.0,2.713496,0.051003445
24.0,4.0,4.6663857,0.08498241
24.0,5.0,3.6798487,0.028402304
24.0,8.0,3.020227,0.08559281
24.0,10.0,4.8516355,0.057936445
24.0,11.0,2.988197,0.019072477
25.0,1.0,2.1044712,0.060963377
25.0,2.0,2.1666417,0.03046054
25.0,3.0,3.9236085,0.053452432
25.0,4.0,3.0061421,0.061528604
25.0,5.0,2.652614,0.011888146
26.0,1.0,1.3799671,0.05348298
26.0,2.0,2.7190456,0.1103423
26.0,3.0,2.0156837,0.0011102522
26.0,5.0,2.1441667,0.20607185
26.0,7.0,2.9699636,0.0007826686
27.0,1.0,1.5107745,0.04410116
27.0,2.0,3.1214244,0.13986266
27.0,3.0,3.0578246,0.054159734
27.0,4.0,2.5698488,0.00058701355
27.0,5.0,1.557828,0.077959806
27.0,6.0,2.4959054,0.10260001
27.0,8.0,2.8782837,0.049124688
28.0,1.0,1.9473233,0.057054184
28.0,2.0,2.528525,0.0531712
28.0,3.0,2.5626233,0.040185362
28.0,4.0,2.6790962,0.12803933
28.0,5.0,2.6714737,0.06949377
28.0,6.0,2.4466946,0.00093728956
28.0,10.0,3.731363,0.004912857
28.0,20.0,5.0426345,0.2027498
29.0,1.0,1.9375095,0.055750374
29.0,2.0,2.5410564,0.0929994
29.0,3.0,3.1587079,0.05306591
29.0,4.0,2.6926365,0.04624906
29.0,5.0,2.9976304,0.03194845
29.0,7.0,-0.077340364,-0.00011247555
30.0,1.0,1.7379966,0.041271016
30.0,2.0,2.7180266,0.06217389
30.0,3.0,-1.3684744,0.00027027726
30.0,4.0,2.8108544,0.106158
30.0,5.0,3.3251002,0.045415882
30.0,8.0,2.2586055,0.0100391675
31.0,1.0,2.2264616,0.057029713
31.0,2.0,2.6846173,0.08572116
31.0,3.0,2.7561195,0.09067184
31.0,4.0,5.452264,-8.100151e-07
31.0,5.0,3.02205,0.10430947
32.0,1.0,1.9421654,0.054215867
32.0,2.0,3.2402864,0.054849133
32.0,3.0,3.1410594,0.091249436
32.0,4.0,4.156348,0.21482106
32.0,5.0,4.2900796,0.1361789
32.0,6.0,3.374302,0.06930414
32.0,7.0,2.904508,0.012366392
33.0,1.0,2.1125557,0.0722636
33.0,2.0,4.5513554,0.14890462
33.0,3.0,3.61793,0.102386475
33.0,5.0,3.2315388,0.13955846
33.0,8.0,2.322397,0.00041469902
33.0,10.0,3.813908,0.026143163
34.0,1.0,1.8315209,0.062150918
34.0,2.0,2.7423584,0.059635263
34.0,3.0,3.3817692,0.062215433
34.0,4.0,3.505853,0.07816974
34.0,6.0,2.3607326,0.00020074844
34.0,7.0,3.1848438,0.33905447
34.0,10.0,2.4150345,0.00053028594
35.0,1.0,2.485527,0.085002586
35.0,2.0,2.2548988,0.04231596
35.0,3.0,4.008495,0.05086266
35.0,5.0,2.8130686,0.09388924
35.0,6.0,1.6095523,0.07323767
35.0,7.0,4.6120386,0.09177715
35.0,9.0,2.8384032,0.079092026
35.0,10.0,3.698007,0.023642752
35.0,12.0,5.8779798,0.07360619
36.0,1.0,1.8024318,0.05161991
36.0,2.0,2.3994565,0.051201176
36.0,3.0,3.951001,0.067323044
36.0,4.0,2.405459,0.072634235
36.0,6.0,4.1927567,0.11103603
36.0,8.0,3.4280915,0.16821156
36.0,10.0,3.4561484,0.007083851
37.0,1.0,2.2353427,0.045982316
37.0,2.0,3.0242395,0.05951292
37.0,3.0,3.1980152,0.079909965
37.0,4.0,4.204097,0.11499674
37.0,5.0,3.461278,0.06945427
37.0,6.0,-1.1018002,8.85725e-05
37.0,7.0,4.142981,0.09834057
37.0,8.0,3.910947,0.088056475
37.0,10.0,3.3148222,0.0013124235
37.0,11.0,0.9124221,0.08661389
38.0,1.0,2.959901,0.069274135
38.0,2.0,2.778513,0.04879304
38.0,3.0,3.5156376,0.080736466
38.0,4.0,3.3599343,0.059823364
38.0,5.0,3.6540532,0.06250517
38.0,6.0,4.244098,0.06321095
38.0,10.0,4.2927904,0.06379803
38.0,11.0,4.0738535,0.0025560714
38.0,13.0,6.6544538,0.25541207
38.0,15.0,7.264766,0.00013644958
39.0,1.0,2.164686,0.069195144
39.0,2.0,4.170561,0.059065945
39.0,3.0,3.6870904,0.05017706
39.0,4.0,2.8844047,0.056266855
39.0,5.0,3.3266838,0.07813102
39.0,6.0,3.1244576,0.014495064
39.0,7.0,5.70906,0.115351394
40.0,1.0,2.5360162,0.05497537
40.0,2.0,3.5157573,0.07164587
40.0,3.0,3.7160192,0.06701951
40.0,4.0,4.1669555,0.13378783
40.0,5.0,3.5387962,0.0826121
40.0,6.0,4.998481,0.056180906
40.0,7.0,3.2584376,0.03589613
40.0,17.0,5.140888,0.059311446
41.0,1.0,2.2412047,0.049167786
41.0,2.0,2.6926122,0.0803998
41.0,3.0,4.2955956,0.07766825
41.0,4.0,3.1446242,0.10189396
41.0,5.0,4.063154,0.20000787
41.0,6.0,2.4659567,0.005122924
41.0,7.0,5.0420895,0.07966049
41.0,8.0,2.400383,0.34946012
41.0,10.0,3.7645495,0.061673634
41.0,11.0,4.8490515,0.09713122
42.0,1.0,2.2180486,0.0631415
42.0,2.0,3.2949286,0.07266102
42.0,3.0,2.752811,0.0812811
42.0,4.0,3.198739,0.10629479
42.0,5.0,3.3300934,0.008337635
42.0,6.0,4.581324,0.08262374
42.0,7.0,4.423268,0.07878811
42.0,8.0,4.711072,0.10218576
43.0,1.0,2.4360397,0.05467732
43.0,2.0,3.7674248,0.09105442
43.0,3.0,3.3584578,0.14610955
43.0,4.0,2.865959,0.087243296
43.0,5.0,3.7199197,0.06249377
43.0,10.0,1.5287272,0.04749801
44.0,1.0,2.4010715,0.06632143
44.0,2.0,3.3328795,0.07579014
44.0,3.0,2.786665,0.068566695
44.0,4.0,2.8524837,0.07042722
44.0,5.0,3.7741802,0.091066405
44.0,6.0,5.1490145,0.118713796
44.0,8.0,2.6945064,0.06670005
44.0,10.0,4.603105,0.14477234
44.0,12.0,3.5823004,0.044971716
45.0,1.0,2.4878786,0.06280111
45.0,2.0,2.2286022,0.106223546
45.0,3.0,3.6608534,0.08755073
45.0,4.0,3.4826195,0.052745685
45.0,5.0,3.6047213,0.054320846
45.0,6.0,2.9358952,0.15202004
45.0,7.0,3.519496,0.033492915
45.0,8.0,4.570374,0.1488084
46.0,1.0,2.0414598,0.062793426
46.0,2.0,2.2467918,0.058141273
46.0,3.0,2.0640655,0.061400235
46.0,4.0,3.415194,0.05105719
46.0,5.0,3.280226,0.10422975
46.0,8.0,1.2656746,0.014068667
47.0,1.0,2.3205962,0.0641554
47.0,2.0,3.051466,0.10280162
47.0,3.0,3.1275527,0.095048904
47.0,4.0,3.805773,7.793176e-05
47.0,5.0,3.517353,0.12131113
47.0,6.0,2.5564592,0.056460313
47.0,10.0,4.669664,0.27756274
48.0,1.0,2.4051287,0.06697954
48.0,2.0,3.126293,0.1405551
48.0,3.0,3.2908154,0.047937028
48.0,4.0,3.050253,0.043599907
48.0,5.0,3.7263277,0.035299003
48.0,6.0,4.1272135,0.062068738
48.0,7.0,2.7388232,0.026944632
48.0,8.0,5.342078,0.10630772
48.0,10.0,3.8508687,0.08234453
48.0,12.0,4.2726526,0.17988431
49.0,1.0,2.619422,0.10218147
49.0,2.0,3.0072918,0.10077548
49.0,4.0,2.601682,0.11954304
49.0,5.0,3.8874161,0.06426171
49.0,7.0,2.7861247,0.0021528336
49.0,8.0,3.5453777,0.011569629
49.0,11.0,6.6994276,0.47412097
49.0,14.0,4.703476,0.117166996
50.0,1.0,2.5455406,0.06967526
50.0,2.0,2.6069536,0.047082257
50.0,3.0,3.2589216,0.0587938
50.0,4.0,2.6615858,0.000957681
50.0,5.0,3.4707334,0.07099944
50.0,6.0,3.7156088,0.042131513
50.0,7.0,3.3263576,0.16895282
50.0,10.0,1.6016479,0.001174065
50.0,11.0,4.064605,0.06959356
50.0,12.0,1.9678117,0.0068370677
51.0,1.0,2.4047875,0.06625902
51.0,2.0,3.288016,0.05686772
51.0,3.0,2.9725623,0.039007124
51.0,4.0,1.8754944,0.102868535
51.0,5.0,3.132991,0.034889225
51.0,6.0,4.5150867,0.04155094
51.0,7.0,2.0140913,0.14626592
51.0,10.0,2.1047845,0.014267029
51.0,12.0,4.1924276,0.027851345
51.0,15.0,3.8469722,3.6831323e-05
52.0,1.0,2.5284104,0.11333668
52.0,2.0,6.6419463,0.16231698
52.0,3.0,2.810504,0.020394169
52.0,4.0,3.7638001,0.067133114
52.0,5.0,2.8993137,0.09987774
52.0,7.0,3.3508215,0.020127017
53.0,1.0,2.1526208,0.036863454
53.0,2.0,2.1450813,0.0050393166
53.0,4.0,3.2578723,0.11298871
53.0,5.0,2.345612,-2.4538967e-06
53.0,7.0,4.030698,0.03450346
53.0,10.0,3.836303,0.0005768723
54.0,1.0,2.402635,0.06539112
54.0,2.0,2.9351044,0.08076401
54.0,3.0,2.992331,0.0073911315
54.0,5.0,2.9009497,0.055618238
54.0,7.0,3.6039333,0.00046820764
54.0,15.0,4.203297,-6.2489416e-06
55.0,1.0,2.283257,0.06350454
55.0,2.0,2.7788389,0.03937271
55.0,3.0,3.2946453,0.092289716
55.0,4.0,1.5902567,0.04883149
55.0,5.0,2.8265522,0.0001789309
55.0,6.0,3.7159743,0.0011673833
56.0,1.0,2.7296135,0.057313297
56.0,2.0,2.9701185,0.041467547
56.0,3.0,1.8641988,0.008043562
56.0,4.0,2.6195667,0.027348114
57.0,1.0,1.9150251,0.052833054
57.0,2.0,3.4186175,0.055595364
57.0,3.0,2.1196916,0.011583659
57.0,4.0,3.5814738,0.07212242
57.0,5.0,3.581365,0.007249483
57.0,6.0,2.8840792,0.021265872
57.0,8.0,1.4533356,0.16676497
57.0,11.0,1.0734898,0.02491102
57.0,14.0,2.1881685,0.3077963
57.0,31.0,-0.08734756,-0.009963125
58.0,1.0,3.19458,0.07526783
58.0,2.0,2.2987607,0.018647522
58.0,3.0,2.5795805,0.008564282
58.0,5.0,1.412482,0.0048320945
58.0,7.0,5.6029787,0.11172247
59.0,1.0,2.3140562,0.05819078
59.0,4.0,1.8990695,0.024452338
59.0,5.0,2.7706954,0.057739824
59.0,7.0,3.1653876,0.020567093
59.0,8.0,2.8893268,0.038025126
59.0,10.0,1.5883538,-0.041644007
59.0,15.0,-0.073681965,-0.0027956069
60.0,1.0,2.3747742,0.05332588
60.0,2.0,2.7491884,0.070372015
60.0,3.0,3.1318607,0.05176605
60.0,4.0,1.7489462,0.13244227
60.0,5.0,2.5632923,0.09856603
60.0,10.0,3.2466753,0.11652657
60.0,15.0,2.9783223,0.1983745
60.0,18.0,1.3372551,0.15207696
61.0,1.0,2.1117063,0.0455214
61.0,2.0,2.057441,0.013559749
61.0,3.0,2.5205264,0.03021548
61.0,10.0,3.0464718,0.00024252856
62.0,1.0,2.0931988,0.051615536
62.0,2.0,3.0708482,0.06581111
62.0,3.0,3.0305586,0.0011945374
62.0,9.0,3.23616,0.01914445
62.0,10.0,3.727477,0.06047487
63.0,1.0,1.900322,0.04725082
63.0,3.0,2.1735806,0.20851031
63.0,7.0,2.4477587,0.12434462
63.0,9.0,2.6243591,0.013516932
64.0,1.0,2.19521,0.042978913
64.0,2.0,3.772382,0.060138527
64.0,3.0,2.8701744,0.094939806
64.0,4.0,3.4930868,0.036367863
64.0,5.0,3.9656913,0.011457387
64.0,10.0,3.3205307,0.0096343765
65.0,1.0,2.040548,0.04418327
65.0,2.0,2.6748407,-4.485264e-05
65.0,3.0,2.9525986,0.055675
65.0,4.0,1.7125956,0.15908319
65.0,5.0,3.0348806,0.047375496
65.0,7.0,1.8348494,0.0001746573
65.0,8.0,3.6140618,0.10253168
65.0,10.0,0.3351087,0.09911217
66.0,1.0,2.1165402,0.044758692
66.0,2.0,1.133216,0.024349082
66.0,6.0,3.1645665,0.113642216
66.0,8.0,1.9350303,0.01885135
67.0,1.0,2.0152516,0.036594868
67.0,2.0,2.72296,0.031888
67.0,3.0,1.7388852,0.044289686
68.0,1.0,2.1493526,0.04268181
68.0,3.0,2.6072817,0.028372213
68.0,6.0,1.8806971,0.12251525
68.0,8.0,5.584205,0.0247663
68.0,10.0,3.0823317,0.051119577
68.0,13.0,3.4613688,0.002997124
68.0,18.0,3.3495698,0.07205366
69.0,1.0,2.2643805,0.03323254
69.0,3.0,0.04170434,-0.00041080898
69.0,4.0,3.172265,0.09221641
69.0,6.0,2.2335615,0.0028811581
69.0,7.0,2.7710857,0.009670936
69.0,10.0,2.6313632,0.00278923
70.0,1.0,1.9772184,0.042729978
70.0,5.0,2.544086,0.010522983
70.0,10.0,2.4215238,0.17667614
70.0,11.0,3.306566,0.017996138
70.0,16.0,3.8311398,0.02043391
70.0,27.0,4.336247,0.32910958
71.0,1.0,1.9747245,0.048386466
71.0,4.0,2.8020947,-1.7763217e-05
71.0,5.0,3.5125947,0.103642255
71.0,6.0,2.9781375,0.00020404116
71.0,8.0,4.4010515,0.077994436
71.0,10.0,2.997914,0.12794936
72.0,1.0,1.7225193,0.038745925
72.0,2.0,4.1430035,0.11173844
72.0,3.0,2.915605,0.0022881748
72.0,4.0,2.2483108,0.05935648
72.0,6.0,4.1388187,0.016072337
72.0,7.0,3.4830945,0.01613533
73.0,1.0,1.8625878,0.053174503
73.0,4.0,2.8407052,0.038123474
73.0,5.0,2.886139,0.0044648014
73.0,6.0,4.3889766,0.1168975
73.0,13.0,1.6345524,0.0069795316
73.0,15.0,4.0758777,0.08829485
73.0,18.0,3.4990582,0.22179729
74.0,1.0,2.0825863,0.038718004
74.0,3.0,1.8450372,0.00023745911
74.0,4.0,3.0622718,0.050549313
74.0,6.0,3.0356326,0.0036033571
74.0,8.0,4.5284963,0.08937842
74.0,9.0,5.434425,0.58827627
74.0,19.0,1.9629695,0.25088865
75.0,1.0,2.11605,0.04540354
75.0,5.0,1.7699349,0.041228715
75.0,7.0,3.0478826,0.020121511
75.0,8.0,3.6993904,0.019410994
75.0,10.0,2.2523153,0.0057706414
76.0,1.0,2.2743437,0.009598203
76.0,2.0,2.8094692,0.024879476
76.0,3.0,2.7360268,0.00016123662
76.0,4.0,2.0760455,0.0023305337
76.0,6.0,2.3418603,0.1998325
76.0,11.0,2.2171657,-2.0828484e-06
76.0,14.0,0.49446395,0.00035662827
77.0,1.0,1.8231518,0.05066049
77.0,2.0,2.7706087,0.00053011486
78.0,1.0,2.144818,0.010102658
79.0,2.0,1.9436244,0.008509599
80.0,1.0,2.1221945,0.064945
80.0,3.0,0.20155933,0.00047986303
80.0,6.0,2.1565444,0.00013900969
80.0,12.0,3.637429,0.101201326
80.0,15.0,2.7318745,0.0007550545
81.0,1.0,2.2159348,0.04028696
81.0,3.0,2.5739617,0.018547453
81.0,10.0,1.7213544,0.0385061
81.0,16.0,2.767143,0.0019929127
82.0,1.0,1.6180358,0.036005788
82.0,2.0,1.8776069,0.16683292
83.0,1.0,2.0778258,0.008347478
83.0,2.0,2.1538734,0.07388274
83.0,10.0,2.490195,0.05007886
84.0,1.0,2.0043092,0.043097407
84.0,2.0,2.3412435,0.006811596
84.0,19.0,0.7243463,0.24940045
85.0,1.0,2.1933696,0.09232926
85.0,3.0,2.3059566,0.13220961
85.0,4.0,1.6488869,0.00011347556
85.0,20.0,4.1104407,0.38138556
86.0,3.0,2.2253962,0.025008366
86.0,9.0,3.2857969,0.022254547
87.0,5.0,0.2879247,-0.002475075
89.0,2.0,0.45607054,0.0007711303
89.0,4.0,2.7270103,0.008654618
90.0,10.0,2.5270224,-0.00017792732
94.0,6.0,0.1910802,-0.0041788872
95.0,15.0,2.2043366,0.009723397
96.0,10.0,3.3057432,0.04770085
